<?xml version="1.0" encoding="UTF-8"?>
<project-private xmlns="http://www.netbeans.org/ns/project-private/1">
    <editor-bookmarks xmlns="http://www.netbeans.org/ns/editor-bookmarks/2" lastBookmarkId="0"/>
    <open-files xmlns="http://www.netbeans.org/ns/projectui-open-files/2">
        <group>
            <file>file:/opt/lampp/htdocs/IDLC/resources/views/ifa_registration_form/create.blade.php</file>
            <file>file:/opt/lampp/htdocs/IDLC/resources/views/layouts/idlc_aml/app.blade.php</file>
            <file>file:/opt/lampp/htdocs/IDLC/routes/web.php</file>
        </group>
    </open-files>
</project-private>
